"","text","favorited","favoriteCount","replyToSN","created","truncated","replyToSID","id","replyToUID","statusSource","screenName","retweetCount","isRetweet","retweeted","longitude","latitude"
"1","Despite news reports mass shootings are not on the rise as a study has found gunsense",FALSE,0,NA,2017-10-23 00:49:19,FALSE,NA,"922263634243473408",NA,"<a href=""https://twitter.com/Pros_P33"" rel=""nofollow"">Pros_P33</a>","Pros_P33",1,TRUE,FALSE,NA,NA
"2","Despite news reports mass shootings are not on the rise as a study has found gunsense",FALSE,0,NA,2017-10-23 00:48:46,FALSE,NA,"922263492979240962",NA,"<a href=""http://www.facebook.com/twitter"" rel=""nofollow"">Facebook</a>","thisistheline3",1,FALSE,FALSE,NA,NA
"3","Serial Killer Suspected After People Were Shot To Death In Tampa Cops RT  Fav   shootings ca",FALSE,0,NA,2017-10-23 00:40:45,FALSE,NA,"922261475993051137",NA,"<a href=""http://www.knowyourleak.com/"" rel=""nofollow"">KnowYourLeakNow</a>","KnowVidLeaks",0,FALSE,FALSE,NA,NA
"4","CHICAGO SHOOTINGS",FALSE,0,NA,2017-10-23 00:39:17,FALSE,NA,"922261105795321857",NA,"<a href=""http://twitter.com/download/iphone"" rel=""nofollow"">Twitter for iPhone</a>","nobso1",3,TRUE,FALSE,NA,NA
"5","CHICAGO SHOOTINGS",FALSE,0,NA,2017-10-23 00:36:27,FALSE,NA,"922260394516901889",NA,"<a href=""http://twitter.com/download/android"" rel=""nofollow"">Twitter for Android</a>","rayann2320",3,TRUE,FALSE,NA,NA
"6","CHICAGO SHOOTINGS",FALSE,0,NA,2017-10-23 00:34:35,FALSE,NA,"922259924524126210",NA,"<a href=""http://twitter.com/download/iphone"" rel=""nofollow"">Twitter for iPhone</a>","RobertBrickner",3,TRUE,FALSE,NA,NA
"7","CHICAGO SHOOTINGS",FALSE,2,NA,2017-10-23 00:33:37,FALSE,NA,"922259680553975809",NA,"<a href=""http://twitter.com"" rel=""nofollow"">Twitter Web Client</a>","TeamTrumpAZ",3,FALSE,FALSE,NA,NA
"8","DataViz Weekly days between mass shootings how Americans differ by age men and women map of Christianity",FALSE,0,NA,2017-10-22 22:24:27,FALSE,NA,"922227177755742208",NA,"<a href=""http://twitter.com/download/android"" rel=""nofollow"">Twitter for Android</a>","grbentil",3,TRUE,FALSE,NA,NA
"9","Mass Shootings Trauma and Coping gtgt If PTSD does manifest itself there are a number of",FALSE,0,NA,2017-10-22 22:21:46,FALSE,NA,"922226498563723264",NA,"<a href=""http://twitter.com/download/iphone"" rel=""nofollow"">Twitter for iPhone</a>","FelixNater",5,TRUE,FALSE,NA,NA
"10","DataViz Weekly days between mass shootings how Americans differ by age men and women map of Christianity",FALSE,0,NA,2017-10-22 22:18:51,FALSE,NA,"922225767106383876",NA,"<a href=""https://twitter.com/alevergara78"" rel=""nofollow"">realtimeApp_reactjs</a>","alevergara78",3,TRUE,FALSE,NA,NA
"11","DataViz Weekly days between mass shootings how Americans differ by age men and women map of Christianity",FALSE,0,NA,2017-10-22 22:18:17,FALSE,NA,"922225623917121536",NA,"<a href=""http://twitter.com/download/android"" rel=""nofollow"">Twitter for Android</a>","kleinehassler",3,TRUE,FALSE,NA,NA
"12","Killed injured in StLouis Shootings this WEEK No STLProtests blacklivesmatter",FALSE,0,NA,2017-10-22 21:21:36,FALSE,NA,"922211360766820352",NA,"<a href=""http://twitter.com"" rel=""nofollow"">Twitter Web Client</a>","Uhmurka",0,FALSE,FALSE,NA,NA
"13","Mass Shootings America s Culture of Violence Turns Deadly Truth Vegas",FALSE,0,NA,2017-10-22 20:10:42,FALSE,NA,"922193518457769985",NA,"<a href=""http://twitter.com/download/android"" rel=""nofollow"">Twitter for Android</a>","Annsk1",0,FALSE,FALSE,NA,NA
"14","DataViz Weekly days between mass shootings how Americans differ by age men and women map of Christianity",FALSE,2,NA,2017-10-22 17:42:02,TRUE,NA,"922156103143776256",NA,"<a href=""http://bufferapp.com"" rel=""nofollow"">Buffer</a>","AnyChart",3,FALSE,FALSE,NA,NA
"15","SanBernardino Shootings inContext Quran RT CatholicPriest Islam jihad",FALSE,0,NA,2017-10-22 16:49:10,FALSE,NA,"922142798416973825",NA,"<a href=""http://androproid.com/"" rel=""nofollow"">arabscanadahelper</a>","Arabs2canada",1,TRUE,FALSE,NA,NA
"16","Fruit of Quran Putting Beheadings amp Shootings in Context RT SanBernardino Shootings",FALSE,0,NA,2017-10-22 15:09:29,FALSE,NA,"922117714218536961",NA,"<a href=""https://www.socialjukebox.com"" rel=""nofollow"">The Social Jukebox</a>","testisfidelis",0,FALSE,FALSE,NA,NA
"17","Fruitof QuranPutting SanBernardino Shootings in Context RT PJNET PatriotBrigade",FALSE,0,NA,2017-10-22 15:08:34,FALSE,NA,"922117480855859200",NA,"<a href=""https://www.socialjukebox.com"" rel=""nofollow"">The Social Jukebox</a>","testisfidelis",0,FALSE,FALSE,NA,NA
"18","Fruitof QuranPutting SanBernardino Shootings in Context RT                   tcot",FALSE,0,NA,2017-10-22 15:08:31,FALSE,NA,"922117470684622849",NA,"<a href=""https://www.socialjukebox.com"" rel=""nofollow"">The Social Jukebox</a>","testisfidelis",0,FALSE,FALSE,NA,NA
"19","Some Backstage moments Having fun with              sexy havingfun interesting bonus Brunette shootings jasminej",FALSE,0,NA,2017-10-22 12:18:53,FALSE,NA,"922074779770916864",NA,"<a href=""http://twitter.com/download/android"" rel=""nofollow"">Twitter for Android</a>","Keone1357",14,TRUE,FALSE,NA,NA
"20","preferredlife Historys st book of its kind Is love causing more problems STD preg sex slavery adultery or hatred stabbings shootings",FALSE,0,NA,2017-10-22 09:18:02,FALSE,NA,"922029265746579456",NA,"<a href=""https://www.tweetsuite.com/"" rel=""nofollow"">Tweet Suite</a>","gWoodi",0,FALSE,FALSE,NA,NA
"21","Bill Maher Nails It On Male Mass Shooters  RT    hbo topical crazy funny shootings lol new",FALSE,0,NA,2017-10-22 09:12:55,FALSE,NA,"922027980284682240",NA,"<a href=""http://www.knowyourvideo.com/"" rel=""nofollow"">KnowYourVideo</a>","KnowYourVideo",0,FALSE,FALSE,NA,NA
"22","Some countries warn their citizens of travel dangers in US hurricanes violence shootings",FALSE,1,NA,2017-10-22 08:39:24,FALSE,NA,"922019543274233856",NA,"<a href=""http://twitter.com/download/android"" rel=""nofollow"">Twitter for Android</a>","ulises_jo",0,FALSE,FALSE,NA,NA
"23","Mass shootings point to a greater role for the public in dealing with casualties report LasVegas",FALSE,0,NA,2017-10-22 07:31:56,TRUE,NA,"922002567911141376",NA,"<a href=""http://twitter.com/download/android"" rel=""nofollow"">Twitter for Android</a>","MedicalBriefZA",0,FALSE,FALSE,NA,NA
"24","yours sweet sweet dreams KissampHugs MilenaD Shootings metart Pink",FALSE,0,NA,2017-10-22 04:53:53,FALSE,NA,"921962793087176705",NA,"<a href=""http://twitter.com/download/iphone"" rel=""nofollow"">Twitter for iPhone</a>","roneyhunk",203,TRUE,FALSE,NA,NA
"25","grandpa wants you to disagree ruthless shootings you must get that from your fathers side of the family",FALSE,0,NA,2017-10-22 02:41:10,FALSE,NA,"921929391969656832",NA,"<a href=""http://www.example.com"" rel=""nofollow"">Granniebot</a>","granniebot",0,FALSE,FALSE,NA,NA
"26","jarrive               Une semaine BFF shootings ET liveshow duo le sur                 love autumn coo",FALSE,0,NA,2017-10-22 01:03:47,FALSE,NA,"921904885238517760",NA,"<a href=""http://twitter.com"" rel=""nofollow"">Twitter Web Client</a>","ArishaaCamGirl",4,TRUE,FALSE,NA,NA
"27","A look at the LGBTQ community and nightclubs a year after Pulse shootings publicsafety",FALSE,3,NA,2017-10-22 01:03:30,FALSE,NA,"921904815998894080",NA,"<a href=""https://mobile.twitter.com"" rel=""nofollow"">Twitter Lite</a>","MyMetMedia",0,FALSE,FALSE,NA,NA
"28","A Tactical Analysis Of The Las Vegas Mass Shooting Incident analysis shootings",FALSE,0,NA,2017-10-21 22:59:25,FALSE,NA,"921873586188668929",NA,"<a href=""http://www.ajaymatharu.com/"" rel=""nofollow"">Tweet Old Post</a>","PrepperWebsite",0,FALSE,FALSE,NA,NA
"29","killings in Florida neighborhood connected police say serialKiller shootings tampa",FALSE,0,NA,2017-10-21 22:14:02,FALSE,NA,"921862168336912385",NA,"<a href=""https://sdgherh.asd"" rel=""nofollow"">App #gtrhg45</a>","EmmieAdams16",0,FALSE,FALSE,NA,NA
"30","The most logical Las Vegas shootings theory of all and why Oklahoma could be next on October   November",FALSE,0,NA,2017-10-21 20:50:04,FALSE,NA,"921841033599705089",NA,"<a href=""http://twitter.com"" rel=""nofollow"">Twitter Web Client</a>","csayle",0,FALSE,FALSE,NA,NA
"31","The most logical Las Vegas shootings theory of all and why Oklahoma could be next on October   November",FALSE,0,NA,2017-10-21 19:35:17,FALSE,NA,"921822213669613568",NA,"<a href=""http://www.facebook.com/twitter"" rel=""nofollow"">Facebook</a>","csayle",0,FALSE,FALSE,NA,NA
"32","jarrive               Une semaine BFF shootings ET liveshow duo le sur                 love autumn coo",FALSE,0,NA,2017-10-21 18:00:49,FALSE,NA,"921798443101839362",NA,"<a href=""http://twitter.com/download/android"" rel=""nofollow"">Twitter for Android</a>","dref7927",4,TRUE,FALSE,NA,NA
"33","Trumpers say a ban on guns wouldnt stop any of the past mass shootings So what EXACTLY would a ban on Muslims stop G",FALSE,0,NA,2017-10-21 17:39:09,FALSE,NA,"921792990544318465",NA,"<a href=""http://twitter.com"" rel=""nofollow"">Twitter Web Client</a>","analysisnytimes",5,TRUE,FALSE,NA,NA
"34","Trumpers say a ban on guns wouldnt stop any of the past mass shootings So what EXACTLY would a ban on Muslims stop G",FALSE,0,NA,2017-10-21 17:10:32,FALSE,NA,"921785788458663937",NA,"<a href=""http://twitter.com/download/iphone"" rel=""nofollow"">Twitter for iPhone</a>","framtonframton",5,TRUE,FALSE,NA,NA
"35","Mass Shootings Trauma and Coping gtgt If PTSD does manifest itself there are a number of",FALSE,0,NA,2017-10-21 17:09:55,FALSE,NA,"921785632636235778",NA,"<a href=""http://twitter.com"" rel=""nofollow"">Twitter Web Client</a>","HVPRmedia",5,TRUE,FALSE,NA,NA
"36","Trumpers say a ban on guns wouldnt stop any of the past mass shootings So what EXACTLY would a ban on Muslims stop G",FALSE,0,NA,2017-10-21 16:28:13,FALSE,NA,"921775136763760640",NA,"<a href=""http://twitter.com/download/iphone"" rel=""nofollow"">Twitter for iPhone</a>","ColoLiberal2",5,TRUE,FALSE,NA,NA
"37","Trumpers say a ban on guns wouldnt stop any of the past mass shootings So what EXACTLY would a ban on Muslims stop G",FALSE,0,NA,2017-10-21 16:26:53,FALSE,NA,"921774805304664065",NA,"<a href=""http://twitter.com"" rel=""nofollow"">Twitter Web Client</a>","Taxofficesocial",5,TRUE,FALSE,NA,NA
"38","Trumpers say a ban on guns wouldnt stop any of the past mass shootings So what EXACTLY would a ban on Muslims stop G",FALSE,0,NA,2017-10-21 16:24:52,FALSE,NA,"921774294438465536",NA,"<a href=""http://twitter.com"" rel=""nofollow"">Twitter Web Client</a>","mertennikell",5,TRUE,FALSE,NA,NA
"39","jarrive               Une semaine BFF shootings ET liveshow duo le sur                 love autumn coo",FALSE,0,NA,2017-10-21 16:24:05,FALSE,NA,"921774099180982272",NA,"<a href=""http://twitter.com"" rel=""nofollow"">Twitter Web Client</a>","UfancyMe_",4,TRUE,FALSE,NA,NA
"40","Trumpers say a ban on guns wouldnt stop any of the past mass shootings So what EXACTLY would a ban on Muslims",FALSE,5,NA,2017-10-21 16:23:59,TRUE,NA,"921774071410495493",NA,"<a href=""http://twitter.com"" rel=""nofollow"">Twitter Web Client</a>","newnewspage",5,FALSE,FALSE,NA,NA
"41","Two family members of SchoolShooting victims use their experiences to call for change security shootings",FALSE,0,NA,2017-10-21 15:59:48,TRUE,NA,"921767989409734659",NA,"<a href=""http://login.propostingplatform.com"" rel=""nofollow"">ProPP</a>","SchoolLockdown",0,FALSE,FALSE,NA,NA
"42","Nothing is senseless Everything makes sense to someone Some ppl just have idiotically stupid sense and show it off INTJ Shootings",FALSE,1,NA,2017-10-21 14:27:31,FALSE,NA,"921744762507612161",NA,"<a href=""http://twitter.com/download/iphone"" rel=""nofollow"">Twitter for iPhone</a>","Glorious_INTJ",0,FALSE,FALSE,NA,NA
"43","jarrive               Une semaine BFF shootings ET liveshow duo le sur                 love autumn coo",FALSE,0,NA,2017-10-21 11:15:19,FALSE,NA,"921696392929832960",NA,"<a href=""http://twitter.com"" rel=""nofollow"">Twitter Web Client</a>","Annaxx220",4,TRUE,FALSE,NA,NA
"44","jarrive               Une semaine BFF shootings ET liveshow duo le sur                 love autumn",FALSE,15,NA,2017-10-21 10:48:51,TRUE,NA,"921689734073733120",NA,"<a href=""http://twitter.com"" rel=""nofollow"">Twitter Web Client</a>","IsmeneCamgirl",4,FALSE,FALSE,NA,NA
"45","SanBernardino Shootings inContext Quran RT CatholicPriest Islam jihad",FALSE,1,NA,2017-10-21 10:43:27,FALSE,NA,"921688375450533888",NA,"<a href=""https://www.socialjukebox.com"" rel=""nofollow"">The Social Jukebox</a>","testisfidelis",1,FALSE,FALSE,NA,NA
"46","Some Backstage moments Having fun with              sexy havingfun interesting bonus Brunette shootings jasminej",FALSE,0,NA,2017-10-21 08:01:19,FALSE,NA,"921647571961090048",NA,"<a href=""http://twitter.com/download/android"" rel=""nofollow"">Twitter for Android</a>","klzj69",14,TRUE,FALSE,NA,NA
"47","preferredlife Historys st book of its kind Is love causing more problems STD preg sex slavery adultery or hatred stabbings shootings",FALSE,0,NA,2017-10-21 05:20:07,FALSE,NA,"921607007404281861",NA,"<a href=""https://www.tweetsuite.com/"" rel=""nofollow"">Tweet Suite</a>","gWoodi",0,FALSE,FALSE,NA,NA
"48","Las Vegas Sheriffs Daughter Shares Experience Of Watching Dad Lead Investig RT  Fav   shootings",FALSE,0,NA,2017-10-21 05:04:23,FALSE,NA,"921603047113023489",NA,"<a href=""http://knowyourleak.com"" rel=""nofollow"">Know Your Leak App</a>","KnowYourLeakGuy",0,FALSE,FALSE,NA,NA
"49","Slain Lawman Honored With Vegas Procession RT  Fav   shootings commentary lawman ap united",FALSE,0,NA,2017-10-21 03:17:49,FALSE,NA,"921576229483843584",NA,"<a href=""http://www.knowyourleak.com/"" rel=""nofollow"">KnowYourLeaker</a>","KnowYourLeaker",0,FALSE,FALSE,NA,NA
"50","Toronto TOpolo onpoli BLMTO ViolentCrime Shootings Murder",FALSE,0,"bconnolly00",2017-10-21 02:01:13,FALSE,"921532803027820546","921556949564522496","538475365","<a href=""http://blackberry.com/twitter"" rel=""nofollow"">Twitter for BlackBerry®</a>","waynemartha4",0,FALSE,FALSE,NA,NA
"51","And heres the DIRECT RESPONSE TheResistance AltLeft antifa BlackLivesMatter democrats yelling F U",FALSE,0,"rrjr724",2017-10-21 00:55:37,TRUE,"921218106923421697","921540444307124224","976561992","<a href=""http://twitter.com"" rel=""nofollow"">Twitter Web Client</a>","Kos_Cars",0,FALSE,FALSE,NA,NA
"52","Toronto TOpolo onpoli BLMTO ViolentCrime Shootings Murder",FALSE,0,NA,2017-10-21 00:25:16,FALSE,NA,"921532803027820546",NA,"<a href=""http://twitter.com/download/iphone"" rel=""nofollow"">Twitter for iPhone</a>","bconnolly00",0,FALSE,FALSE,NA,NA
"53","Babypass mehrere Shootings in Oberhausen Shootings nach der Geburt",FALSE,0,NA,2017-10-20 22:00:06,FALSE,NA,"921496271973699584",NA,"<a href=""https://socialorga.pontimania.de"" rel=""nofollow"">postman4wobus</a>","Ai6773",0,FALSE,FALSE,NA,NA
"54","Teenage boy denied bail in shooting of ATF informant during gun sting crime shooting shootings",FALSE,0,NA,2017-10-20 20:08:18,FALSE,NA,"921468136301432832",NA,"<a href=""http://firenewsfeed.com/"" rel=""nofollow"">App #fh298gh</a>","qudubyha",0,FALSE,FALSE,NA,NA
"55","dead wounded in city shootings including yearold boy Chicago",FALSE,0,NA,2017-10-20 20:07:33,FALSE,NA,"921467947410968576",NA,"<a href=""http://twitter.com"" rel=""nofollow"">Twitter Web Client</a>","NewsySusie",0,FALSE,FALSE,NA,NA
"56","blackandwhite bw shootings",FALSE,0,NA,2017-10-20 17:07:10,FALSE,NA,"921422551703805952",NA,"<a href=""http://twitter.com"" rel=""nofollow"">Twitter Web Client</a>","krivov_dmitriy",3,TRUE,FALSE,NA,NA
"57","blackandwhite bw shootings",FALSE,0,NA,2017-10-20 15:53:53,FALSE,NA,"921404108610863104",NA,"<a href=""http://twitter.com"" rel=""nofollow"">Twitter Web Client</a>","72denis72",3,TRUE,FALSE,NA,NA
"58","blackandwhite bw shootings",FALSE,43,NA,2017-10-20 15:48:05,FALSE,NA,"921402650117189632",NA,"<a href=""http://instagram.com"" rel=""nofollow"">Instagram</a>","VeraBrezhneva",3,FALSE,FALSE,NA,NA
"59","Connect the Dots The Hidden Connection Between Domestic Abuse and Mass Shootings",FALSE,0,NA,2017-10-20 15:42:30,FALSE,NA,"921401244287160320",NA,"<a href=""http://www.google.com/"" rel=""nofollow"">Google</a>","NEWS_GLOBAL_CO",0,FALSE,FALSE,NA,NA
"60","aleciafox weekend shootings italy sun Italy",FALSE,0,NA,2017-10-20 13:24:34,FALSE,NA,"921366533191987200",NA,"<a href=""http://twitter.com"" rel=""nofollow"">Twitter Web Client</a>","HotAdultModels",1,TRUE,FALSE,NA,NA
"61","The number of shootings is increasing every year The only true defense is to reduce lawenforcement response time",FALSE,0,NA,2017-10-20 13:07:07,FALSE,NA,"921362141105524737",NA,"<a href=""http://sproutsocial.com"" rel=""nofollow"">Sprout Social</a>","Guard911",0,FALSE,FALSE,NA,NA
"62","Suspect in Seperate Shootings in Maryland Delaware Hel Topstories",FALSE,0,NA,2017-10-20 06:53:24,FALSE,NA,"921268094106062848",NA,"<a href=""http://www.press-today.com"" rel=""nofollow"">press-today</a>","Shopall3",0,FALSE,FALSE,NA,NA
"63","EVER SINCE Trump BECAME PREZ TRUMPISADISASTER HURRICANES SHOOTINGS PROTESTS violence Division WHAT SHOULD BE DONE",FALSE,0,NA,2017-10-20 05:15:31,FALSE,NA,"921243462053199872",NA,"<a href=""http://twitter.com"" rel=""nofollow"">Twitter Web Client</a>","Ramon36069",2,TRUE,FALSE,NA,NA
"64","Homegrown terrorism big worry for USA Gun Shootings",FALSE,0,NA,2017-10-20 05:10:21,FALSE,NA,"921242160942350336",NA,"<a href=""http://twitter.com/download/android"" rel=""nofollow"">Twitter for Android</a>","Indie8897",0,FALSE,FALSE,NA,NA
"65","preferredlife Historys st book of its kind Is love causing more problems STD preg sex slavery adultery or hatred stabbings shootings",FALSE,0,NA,2017-10-20 04:52:10,FALSE,NA,"921237583249600512",NA,"<a href=""https://www.tweetsuite.com/"" rel=""nofollow"">Tweet Suite</a>","FutureWorldCen",0,FALSE,FALSE,NA,NA
"66","preferredlife Historys st book of its kind Is love causing more problems STD preg sex slavery adultery or hatred stabbings shootings",FALSE,0,NA,2017-10-20 01:37:03,FALSE,NA,"921188480516087809",NA,"<a href=""https://www.tweetsuite.com/"" rel=""nofollow"">Tweet Suite</a>","gWoodi",0,FALSE,FALSE,NA,NA
"67","BLOG Healing for Las Vegas Parts shootings healing energy Reiki Shaman help",FALSE,0,NA,2017-10-20 00:45:10,TRUE,NA,"921175423563726848",NA,"<a href=""http://www.hootsuite.com"" rel=""nofollow"">Hootsuite</a>","KathyGloverScot",0,FALSE,FALSE,NA,NA
"68","Bail set at M for suspect in Maryland Delaware shootings",FALSE,0,NA,2017-10-19 19:58:33,FALSE,NA,"921103297074880516",NA,"<a href=""http://twitter.com"" rel=""nofollow"">Twitter Web Client</a>","NewsySusie",0,FALSE,FALSE,NA,NA
"69","The latest The Shining Stars Thanks to delaware shootings",FALSE,0,NA,2017-10-19 19:16:03,FALSE,NA,"921092599053680640",NA,"<a href=""http://paper.li"" rel=""nofollow"">Paper.li</a>","St_Clinton",0,FALSE,FALSE,NA,NA
"70","Suspect in Separate Shootings in Maryland Delaware Hel Topstories",FALSE,0,NA,2017-10-19 19:03:30,FALSE,NA,"921089442101768193",NA,"<a href=""http://www.press-today.com"" rel=""nofollow"">press-today</a>","Shopall3",0,FALSE,FALSE,NA,NA
"71","DROUGHT FAMINE WAR HAS GOD LOST CONTROL   disease tornadoes earthquakes disasters shootings",FALSE,0,NA,2017-10-19 19:02:37,FALSE,NA,"921089217933008901",NA,"<a href=""https://www.socialoomph.com"" rel=""nofollow"">SocialOomph</a>","ThingsAboutGod",0,FALSE,FALSE,NA,NA
"72","Gracias pose shootings advertisement momentcam events laspalmas spain",FALSE,0,NA,2017-10-19 16:42:00,FALSE,NA,"921053832246906880",NA,"<a href=""http://twitter.com/download/android"" rel=""nofollow"">Twitter for Android</a>","Annie_su23",2,TRUE,FALSE,NA,NA
"73","Gracias pose shootings advertisement momentcam events laspalmas spain",FALSE,1,NA,2017-10-19 16:02:45,FALSE,NA,"921043954061271040",NA,"<a href=""http://instagram.com"" rel=""nofollow"">Instagram</a>","Annie_su23",2,FALSE,FALSE,NA,NA
"74","Fruit of Quran Putting Beheadings amp Shootings in Context RT SanBernardino Shootings",FALSE,0,NA,2017-10-19 15:09:27,FALSE,NA,"921030539972407296",NA,"<a href=""https://www.socialjukebox.com"" rel=""nofollow"">The Social Jukebox</a>","testisfidelis",0,FALSE,FALSE,NA,NA
"75","Fruitof QuranPutting SanBernardino Shootings in Context RT PJNET PatriotBrigade",FALSE,0,NA,2017-10-19 15:08:33,FALSE,NA,"921030315023446016",NA,"<a href=""https://www.socialjukebox.com"" rel=""nofollow"">The Social Jukebox</a>","testisfidelis",0,FALSE,FALSE,NA,NA
"76","Fruitof QuranPutting SanBernardino Shootings in Context RT                   tcot",FALSE,0,NA,2017-10-19 15:08:27,FALSE,NA,"921030290126135296",NA,"<a href=""https://www.socialjukebox.com"" rel=""nofollow"">The Social Jukebox</a>","testisfidelis",0,FALSE,FALSE,NA,NA
"77","What is the lifespan for hurricanes amp mass shootings on US soil for congress amp news cycle as far as progress amp publics interest NRA",FALSE,0,NA,2017-10-19 12:21:07,FALSE,NA,"920988177938157568",NA,"<a href=""http://twitter.com"" rel=""nofollow"">Twitter Web Client</a>","DeeAnn53",0,FALSE,FALSE,NA,NA
"78","Ep Fires MentalHealth Shootings Safety amp Service A Chat LAFDs Assistant Chief",FALSE,0,NA,2017-10-19 11:09:04,FALSE,NA,"920970047815856128",NA,"<a href=""http://twitter.com"" rel=""nofollow"">Twitter Web Client</a>","DoctorLetamendi",0,FALSE,FALSE,NA,NA
"79","Ep Fires MentalHealth Shootings Safety amp Service A Chat LAFDs Assistant Chief",FALSE,0,NA,2017-10-19 11:06:36,FALSE,NA,"920969424697479168",NA,"<a href=""http://twitter.com"" rel=""nofollow"">Twitter Web Client</a>","OlogyResearch",0,FALSE,FALSE,NA,NA
"80","Babypass mehrere Shootings in Lindau am Bodensee Shootings nach der Geburt",FALSE,0,NA,2017-10-19 08:00:05,FALSE,NA,"920922486677655555",NA,"<a href=""https://socialorga.pontimania.de"" rel=""nofollow"">postman4wobus</a>","Vernon6074",0,FALSE,FALSE,NA,NA
"81","SanBernardino Shootings inContext Quran RT CatholicPriest Islam jihad",FALSE,0,NA,2017-10-19 06:19:20,FALSE,NA,"920897130524372992",NA,"<a href=""http://androproid.com/"" rel=""nofollow"">arabscanadahelper</a>","Arabs2canada",1,TRUE,FALSE,NA,NA
"82","Las Vegas shooting victim Sandy Casey mourned in Crime Homicides Local Locallasvegas Shootings news",FALSE,0,NA,2017-10-19 06:02:58,FALSE,NA,"920893013802577921",NA,"<a href=""http://trueviralnews.com/"" rel=""nofollow"">trueviralnews</a>","trueviralnews",0,FALSE,FALSE,NA,NA
"83","Maryland Office Shooter Radee Prince Arrested In Delaware news shooting shootings",FALSE,0,NA,2017-10-19 02:31:55,FALSE,NA,"920839902803226624",NA,"<a href=""http://twitter.com/download/iphone"" rel=""nofollow"">Twitter for iPhone</a>","Detavio",1,TRUE,FALSE,NA,NA
"84","Maryland Office Shooter Radee Prince Arrested In Delaware news shooting shootings",FALSE,0,NA,2017-10-19 02:25:19,FALSE,NA,"920838242039197697",NA,"<a href=""http://www.google.com/"" rel=""nofollow"">Google</a>","HipHopWired",1,FALSE,FALSE,NA,NA
"85","Part of My Blog Energy Healing Las Vegas Personal Experience Lightworker Reiki",FALSE,0,NA,2017-10-19 00:30:20,TRUE,NA,"920809304591966208",NA,"<a href=""http://www.hootsuite.com"" rel=""nofollow"">Hootsuite</a>","KathyGloverScot",0,FALSE,FALSE,NA,NA
"86","CNN News Police Suspect in shootings in Maryland Delaware caught",FALSE,0,NA,2017-10-19 00:02:50,FALSE,NA,"920802384162439168",NA,"<a href=""http://www.facebook.com/twitter"" rel=""nofollow"">Facebook</a>","CNN7_News",0,FALSE,FALSE,NA,NA
"87","Delaware Police report suspect Radee Prince arrested for shootings in Maryland amp Wilmington Delaware today",FALSE,0,NA,2017-10-18 23:55:43,FALSE,NA,"920800593534361602",NA,"<a href=""http://twitter.com"" rel=""nofollow"">Twitter Web Client</a>","realhumanrights",0,FALSE,FALSE,NA,NA
"88","Gunman Wanted In Maryland Delaware Shootings RT  Fav   latest shootings affairs today assoc",FALSE,0,NA,2017-10-18 21:57:29,FALSE,NA,"920770839091601409",NA,"<a href=""http://www.knowyourleak.com/"" rel=""nofollow"">KnowYourLeakNow</a>","KnowVidLeaks",0,FALSE,FALSE,NA,NA
"89","preferredlife Historys st book of its kind Is love causing more problems STD preg sex slavery adultery or hatred stabbings shootings",FALSE,0,NA,2017-10-18 21:42:06,FALSE,NA,"920766964666130432",NA,"<a href=""https://www.tweetsuite.com/"" rel=""nofollow"">Tweet Suite</a>","gWoodi",0,FALSE,FALSE,NA,NA
"90","MarylandDelaware Shootings Manhunt for Gunman after MarylandDelaware News",FALSE,0,NA,2017-10-18 21:03:26,FALSE,NA,"920757234229043201",NA,"<a href=""http://fer4.com"" rel=""nofollow"">fer4</a>","geanra3",0,FALSE,FALSE,NA,NA
"91","MarylandDelaware Shootings Manhunt for Gunman after MarylandDelaware News",FALSE,0,NA,2017-10-18 21:03:21,FALSE,NA,"920757215262371842",NA,"<a href=""http://www.press-today.com"" rel=""nofollow"">press-today</a>","Shopall3",0,FALSE,FALSE,NA,NA
"92","Im waiting for the days when shooters do actually just go free or people just sigh and say oh well Oh wait we d",FALSE,0,NA,2017-10-18 20:57:14,TRUE,NA,"920755677387161601",NA,"<a href=""http://twitter.com/download/android"" rel=""nofollow"">Twitter for Android</a>","chicagomotives",0,FALSE,FALSE,NA,NA
"93","MarylandDelaware Shootings Manhunt for Gunman after Killed Others Wounded MarylandDelaware",FALSE,0,NA,2017-10-18 20:45:10,FALSE,NA,"920752640224407552",NA,"<a href=""http://KkimooKcomKkimooK.com"" rel=""nofollow"">KkimooKKkimooKKkimooKKkimooK</a>","KkimooK",0,FALSE,FALSE,NA,NA
"94","CRACKERS Shootings Explosives Threats",FALSE,0,NA,2017-10-18 20:01:58,FALSE,NA,"920741765610475520",NA,"<a href=""https://github.com/vishwenga/Simple-Python-TwitterBot"" rel=""nofollow"">easypybot</a>","BDeshbot",1,TRUE,FALSE,NA,NA
"95","CRACKERS Shootings Explosives Threats",FALSE,0,NA,2017-10-18 20:01:55,FALSE,NA,"920741755754106880",NA,"<a href=""http://twitter.com/download/android"" rel=""nofollow"">Twitter for Android</a>","SKonstandopulu",1,FALSE,FALSE,NA,NA
"96","CRACKERS Explosives Shootings",FALSE,0,NA,2017-10-18 19:59:10,FALSE,NA,"920741061680685056",NA,"<a href=""http://twitter.com/download/android"" rel=""nofollow"">Twitter for Android</a>","SKonstandopulu",0,FALSE,FALSE,NA,NA
"97","shootings before its too soon to talk about it Dont ask for prayers instead hows about you ask for legislation for gun control NOW",FALSE,1,NA,2017-10-18 19:53:56,FALSE,NA,"920739744170029056",NA,"<a href=""http://twitter.com/#!/download/ipad"" rel=""nofollow"">Twitter for iPad</a>","MercyBrace532",0,FALSE,FALSE,NA,NA
"98","BOLOBeOnLookOut Suspect RadeePrince Wanted MarylandShooting Edgewood MarylandDelaware Targeted",FALSE,2,NA,2017-10-18 19:47:41,TRUE,NA,"920738174460076032",NA,"<a href=""http://twitter.com"" rel=""nofollow"">Twitter Web Client</a>","tiniskwerl",0,FALSE,FALSE,NA,NA
"99","Maryland shooter kills amp remains at large as schools placed on lockdown SWRM Shootings MaryLand",FALSE,0,NA,2017-10-18 17:27:22,TRUE,NA,"920702861645942791",NA,"<a href=""http://www.rt.com"" rel=""nofollow"">RT News Sharing</a>","ScottishWRM",0,FALSE,FALSE,NA,NA
"100","Goddammit its too soon to talk about gun control again maryland shootings NRA",FALSE,0,NA,2017-10-18 17:21:58,FALSE,NA,"920701503370924032",NA,"<a href=""http://twitter.com/download/android"" rel=""nofollow"">Twitter for Android</a>","forbol",0,FALSE,FALSE,NA,NA
"101","Las Vegas shooting narrative is  MISSION IMPOSSIBLE   LasVegas shootings",FALSE,0,NA,2017-10-18 17:21:06,FALSE,NA,"920701285296357376",NA,"<a href=""http://twitter.com/download/android"" rel=""nofollow"">Twitter for Android</a>","jwpacheco77",20,TRUE,FALSE,NA,NA
"102","MassShooting effects may be lessened thanks to landscape architechts shootings lockdown",FALSE,0,NA,2017-10-18 17:00:50,FALSE,NA,"920696182522785792",NA,"<a href=""http://login.propostingplatform.com"" rel=""nofollow"">ProPP</a>","SchoolLockdown",0,FALSE,FALSE,NA,NA
"103","Multiple shootings in Maryland schools on lockdown",FALSE,0,NA,2017-10-18 15:13:20,FALSE,NA,"920669131632005121",NA,"<a href=""http://twitter.com/download/iphone"" rel=""nofollow"">Twitter for iPhone</a>","edieangelo",0,FALSE,FALSE,NA,NA
"104","ada deaf police kill shootings WeCantBreathe",FALSE,0,NA,2017-10-18 14:55:05,FALSE,NA,"920664537098891264",NA,"<a href=""http://twitter.com/download/android"" rel=""nofollow"">Twitter for Android</a>","GoMaestra",0,FALSE,FALSE,NA,NA
"105","Part of My Blog Energy Healing Las Vegas Personal Experience shootings light Reiki h",FALSE,0,NA,2017-10-18 14:16:45,FALSE,NA,"920654891789336577",NA,"<a href=""http://twitter.com/download/android"" rel=""nofollow"">Twitter for Android</a>","browdoctor",1,TRUE,FALSE,NA,NA
"106","Security EmergencyPlanning ChurchSecurity Shootings Violence WorkplaceViolence",FALSE,0,NA,2017-10-18 13:49:02,FALSE,NA,"920647916469055490",NA,"<a href=""http://www.linkedin.com/"" rel=""nofollow"">LinkedIn</a>","sftacServices",0,FALSE,FALSE,NA,NA
"107","preferredlife Historys st book of its kind Is love causing more problems STD preg sex slavery adultery or hatred stabbings shootings",FALSE,0,NA,2017-10-18 13:05:03,FALSE,NA,"920636846794780674",NA,"<a href=""https://www.tweetsuite.com/"" rel=""nofollow"">Tweet Suite</a>","FutureWorldCen",0,FALSE,FALSE,NA,NA
"108","Part of My Blog Energy Healing Las Vegas Personal Experience shootings light Reiki",FALSE,1,NA,2017-10-18 12:45:15,TRUE,NA,"920631864733437953",NA,"<a href=""http://www.hootsuite.com"" rel=""nofollow"">Hootsuite</a>","KathyGloverScot",1,FALSE,FALSE,NA,NA
"109","All work and no play makes Jack a doll boy shootings parthenazoi work lovemyjob series timeless by apostolis",FALSE,0,NA,2017-10-18 11:49:35,FALSE,NA,"920617853430255616",NA,"<a href=""http://www.nbc.com"" rel=""nofollow"">TheTimelessBot3</a>","TimelessBot",1,TRUE,FALSE,NA,NA
"110","All work and no play makes Jack a doll boy shootings parthenazoi work lovemyjob series timeless by ap",FALSE,22,NA,2017-10-18 11:42:21,TRUE,NA,"920616032712175617",NA,"<a href=""http://twitter.com/download/android"" rel=""nofollow"">Twitter for Android</a>","ApTotsikas",1,FALSE,FALSE,NA,NA
"111","Police Seek Details In Series Of Aurora Shootings CHICAGO CBS   Authorities in Aurora",FALSE,0,NA,2017-10-18 11:20:53,FALSE,NA,"920610631857950720",NA,"<a href=""http://www.google.com/"" rel=""nofollow"">Google</a>","chicagopixels",0,FALSE,FALSE,NA,NA
"112","SanBernardino Shootings inContext Quran RT CatholicPriest Islam jihad",FALSE,1,NA,2017-10-18 10:43:23,FALSE,NA,"920601194959077376",NA,"<a href=""https://www.socialjukebox.com"" rel=""nofollow"">The Social Jukebox</a>","testisfidelis",1,FALSE,FALSE,NA,NA
"113","Its th baby Playing by shy girl to slut                                      shootings makingofmovie KalininaN Ilovecinema",FALSE,1,NA,2017-10-18 06:25:30,FALSE,NA,"920536296698859520",NA,"<a href=""http://twitter.com/download/android"" rel=""nofollow"">Twitter for Android</a>","CatNat_",0,FALSE,FALSE,NA,NA
"114","Shootings Wildfires Hurricanes Remind Us Its Foolish To Put Safety First CCOT PJNet",FALSE,0,NA,2017-10-18 05:05:11,FALSE,NA,"920516085979537408",NA,"<a href=""http://twitter.com"" rel=""nofollow"">Twitter Web Client</a>","Jesus_isPeace",0,FALSE,FALSE,NA,NA
"115","With all the incidents in the world these days maybe person of the year should be The st Responder wildfires shootings disasters",FALSE,5,NA,2017-10-18 02:05:24,FALSE,NA,"920470840147435521",NA,"<a href=""http://twitter.com/download/iphone"" rel=""nofollow"">Twitter for iPhone</a>","SupLSaindonPRPS",0,FALSE,FALSE,NA,NA
"116","Mass Shootings Trauma and Coping gtgt If PTSD does manifest itself there are a number of",FALSE,0,NA,2017-10-18 00:30:51,FALSE,NA,"920447046393372672",NA,"<a href=""https://mobile.twitter.com"" rel=""nofollow"">Twitter Lite</a>","Mary_Deal",5,TRUE,FALSE,NA,NA
"117","SteveScalise says mass shootings are the cost of the SecondAmendment USA idiots guns NRA lobbying",FALSE,0,NA,2017-10-17 20:24:40,FALSE,NA,"920385091439923200",NA,"<a href=""http://twitter.com"" rel=""nofollow"">Twitter Web Client</a>","Timbo972",0,FALSE,FALSE,NA,NA
"118","Las Vegas woman grateful for Life haunted by Route Crime Local Locallasvegas Shootings TheStrip news",FALSE,0,NA,2017-10-17 19:27:10,FALSE,NA,"920370622944948225",NA,"<a href=""http://trueviralnews.com/"" rel=""nofollow"">trueviralnews</a>","trueviralnews",0,FALSE,FALSE,NA,NA
"119","preferredlife Historys st book of its kind Is love causing more problems STD preg sex slavery adultery or hatred stabbings shootings",FALSE,0,NA,2017-10-17 18:08:04,FALSE,NA,"920350713611538432",NA,"<a href=""https://www.tweetsuite.com/"" rel=""nofollow"">Tweet Suite</a>","gWoodi",0,FALSE,FALSE,NA,NA
"120","arrested after separate daytime shootings in Jersey City cops say Fulop JC JerseyCity NJ Trump",FALSE,0,NA,2017-10-17 17:05:42,FALSE,NA,"920335020140658690",NA,"<a href=""http://twitter.com"" rel=""nofollow"">Twitter Web Client</a>","GoldRetriever99",0,FALSE,FALSE,NA,NA
"121","nra nationalrifleassociation guns guncontrol gunlaws shootings shooting",FALSE,0,NA,2017-10-17 16:51:22,FALSE,NA,"920331411420147712",NA,"<a href=""http://instagram.com"" rel=""nofollow"">Instagram</a>","chasejeter",0,FALSE,FALSE,NA,NA
"122","Sept Tues False Flag Weekly News shootings newworldorder iran russia syria",FALSE,0,NA,2017-10-17 15:38:35,FALSE,NA,"920313097746821120",NA,"<a href=""https://twitter.com/Col_Connaughton"" rel=""nofollow"">AutoTweeterPro10</a>","Col_Connaughton",0,FALSE,FALSE,NA,NA
"123","The worst of times in has also brought out the best in people UGF hurricanes fires shootings",FALSE,0,NA,2017-10-17 15:28:31,FALSE,NA,"920310564940693505",NA,"<a href=""http://twitter.com/download/iphone"" rel=""nofollow"">Twitter for iPhone</a>","hjbwalker",4,TRUE,FALSE,NA,NA
"124","The worst of times in has also brought out the best in people UGF hurricanes fires shootings",FALSE,0,NA,2017-10-17 15:14:01,FALSE,NA,"920306916093435905",NA,"<a href=""http://twitter.com/download/iphone"" rel=""nofollow"">Twitter for iPhone</a>","CarineClark",4,TRUE,FALSE,NA,NA
"125","The worst of times in has also brought out the best in people UGF hurricanes fires shootings",FALSE,0,NA,2017-10-17 15:07:45,FALSE,NA,"920305335482462213",NA,"<a href=""http://twitter.com/download/iphone"" rel=""nofollow"">Twitter for iPhone</a>","natkad",4,TRUE,FALSE,NA,NA
"126","The worst of times in has also brought out the best in people UGF hurricanes fires shootings",FALSE,0,NA,2017-10-17 15:07:29,FALSE,NA,"920305268205895680",NA,"<a href=""http://twitter.com/download/iphone"" rel=""nofollow"">Twitter for iPhone</a>","saltlakechamber",4,TRUE,FALSE,NA,NA
"127","The worst of times in has also brought out the best in people UGF hurricanes fires shootings",FALSE,6,NA,2017-10-17 15:05:19,FALSE,NA,"920304726352072704",NA,"<a href=""http://twitter.com/download/android"" rel=""nofollow"">Twitter for Android</a>","vchecketts",4,FALSE,FALSE,NA,NA
"128","Wounded In Monday Shootings Across Chicago CHICAGO CBS   Seven people were wounded in",FALSE,0,NA,2017-10-17 11:53:05,FALSE,NA,"920256345789685761",NA,"<a href=""http://www.google.com/"" rel=""nofollow"">Google</a>","chicagopixels",0,FALSE,FALSE,NA,NA
"129","The number of shootings is increasing every year The only true defense is to reduce lawenforcement response time",FALSE,0,NA,2017-10-17 11:07:01,FALSE,NA,"920244754578735106",NA,"<a href=""http://sproutsocial.com"" rel=""nofollow"">Sprout Social</a>","Guard911",0,FALSE,FALSE,NA,NA
"130","Americans Arent Fools Most Shootings Have Mysterious ElementNever Explained FastFurious OrlandoShooting",FALSE,0,NA,2017-10-17 03:51:55,FALSE,NA,"920135256702930944",NA,"<a href=""http://twitter.com"" rel=""nofollow"">Twitter Web Client</a>","SarahGi00782242",1,TRUE,FALSE,NA,NA
"131","MY BLOG PART Healing Las Vegas Personal Experience shootings energy crystals",FALSE,1,NA,2017-10-17 03:40:06,TRUE,NA,"920132282442240000",NA,"<a href=""http://www.hootsuite.com"" rel=""nofollow"">Hootsuite</a>","KathyGloverScot",0,FALSE,FALSE,NA,NA
"132","Americans Arent Fools Most Shootings Have Mysterious ElementNever Explained FastFurious",FALSE,2,NA,2017-10-17 02:24:49,TRUE,NA,"920113336720617472",NA,"<a href=""http://twitter.com"" rel=""nofollow"">Twitter Web Client</a>","realJWJ777",1,FALSE,FALSE,NA,NA
"133","Cesspool of SHIT hightaxes liberalscumbags shootings",FALSE,0,NA,2017-10-17 02:07:07,FALSE,NA,"920108882613194752",NA,"<a href=""http://instagram.com"" rel=""nofollow"">Instagram</a>","GregTosto",0,FALSE,FALSE,"-89.6504","39.7832"
"134","Gun Violence Research Is Banned In USA shootings infodump Multiple Reference Stories Cited And Linked In",FALSE,0,"WSJ",2017-10-17 01:26:27,FALSE,NA,"920098650415443968","3108351","<a href=""http://twitter.com"" rel=""nofollow"">Twitter Web Client</a>","toxicreverend",0,FALSE,FALSE,NA,NA
"135","MY BLOG PART Healing Las Vegas Personal Experience energy spirituality shootings",FALSE,0,NA,2017-10-17 00:45:10,TRUE,NA,"920088260680081410",NA,"<a href=""http://www.hootsuite.com"" rel=""nofollow"">Hootsuite</a>","KathyGloverScot",0,FALSE,FALSE,NA,NA
"136","TruthInLasVegas Shootings DeadAmericans",FALSE,0,NA,2017-10-17 00:16:08,FALSE,NA,"920080954475122688",NA,"<a href=""http://twitter.com/#!/download/ipad"" rel=""nofollow"">Twitter for iPad</a>","piperbelle69",0,FALSE,FALSE,NA,NA
"137","Insignificant actresses MeToo Hey you dumb cunts there where more shootings in America",FALSE,0,NA,2017-10-16 23:10:03,FALSE,NA,"920064323023552512",NA,"<a href=""http://twitter.com/download/android"" rel=""nofollow"">Twitter for Android</a>","jeremy_cornwell",0,FALSE,FALSE,NA,NA
"138","Babypass mehrere Shootings in Stuttgart Shootings von bis Monaten",FALSE,0,NA,2017-10-16 23:00:49,FALSE,NA,"920062001895878656",NA,"<a href=""https://socialorga.pontimania.de"" rel=""nofollow"">postman4wobus</a>","Betty6792",0,FALSE,FALSE,NA,NA
"139","MY BLOG PART Healing Las Vegas Personal Experience energy Reiki light peace",FALSE,0,NA,2017-10-16 21:50:12,TRUE,NA,"920044230927581184",NA,"<a href=""http://www.hootsuite.com"" rel=""nofollow"">Hootsuite</a>","KathyGloverScot",0,FALSE,FALSE,NA,NA
"140","preferredlife Historys st book of its kind Is love causing more problems STD preg sex slavery adultery or hatred stabbings shootings",FALSE,0,NA,2017-10-16 21:31:12,FALSE,NA,"920039448745795586",NA,"<a href=""https://www.tweetsuite.com/"" rel=""nofollow"">Tweet Suite</a>","FutureWorldCen",0,FALSE,FALSE,NA,NA
"141","HollywoodHypocrites violence amp porn are dining staple on their table greed money shootings",FALSE,2,NA,2017-10-16 18:32:30,FALSE,NA,"919994474893336576",NA,"<a href=""http://twitter.com/download/iphone"" rel=""nofollow"">Twitter for iPhone</a>","PatriciaAHenso1",0,FALSE,FALSE,NA,NA
"142","Hurricanes Earthquakes Explosions wars Fires Shootings Something dark has befallen our country I wonder if trump is to blame",FALSE,1,NA,2017-10-16 16:23:05,FALSE,NA,"919961907234328577",NA,"<a href=""http://twitter.com/download/iphone"" rel=""nofollow"">Twitter for iPhone</a>","jorgelgarcia33",0,FALSE,FALSE,NA,NA
"143","Fruit of Quran Putting Beheadings amp Shootings in Context RT SanBernardino Shootings",FALSE,0,NA,2017-10-16 15:09:39,FALSE,NA,"919943428078743552",NA,"<a href=""https://www.socialjukebox.com"" rel=""nofollow"">The Social Jukebox</a>","testisfidelis",0,FALSE,FALSE,NA,NA
"144","Fruitof QuranPutting SanBernardino Shootings in Context RT PJNET PatriotBrigade",FALSE,0,NA,2017-10-16 15:08:39,FALSE,NA,"919943176852516864",NA,"<a href=""https://www.socialjukebox.com"" rel=""nofollow"">The Social Jukebox</a>","testisfidelis",0,FALSE,FALSE,NA,NA
"145","Fruitof QuranPutting SanBernardino Shootings in Context RT                   tcot",FALSE,0,NA,2017-10-16 15:08:36,FALSE,NA,"919943162164019203",NA,"<a href=""https://www.socialjukebox.com"" rel=""nofollow"">The Social Jukebox</a>","testisfidelis",0,FALSE,FALSE,NA,NA
"146","preferredlife Historys st book of its kind Is love causing more problems STD preg sex slavery adultery or hatred stabbings shootings",FALSE,0,NA,2017-10-16 14:19:05,FALSE,NA,"919930701528682497",NA,"<a href=""https://www.tweetsuite.com/"" rel=""nofollow"">Tweet Suite</a>","gWoodi",0,FALSE,FALSE,NA,NA
"147","John McCain is a Sellout a RINO who sides with financial interests and you would no",FALSE,0,"sethmoulton",2017-10-16 07:25:25,TRUE,"919542998437941248","919826600576905219","248495200","<a href=""https://mobile.twitter.com"" rel=""nofollow"">Mobile Web (M2)</a>","UCtheTruth",0,FALSE,FALSE,NA,NA
"148","Mass Shootings in s s Duwe This know also that in the last days perilous times shall come Timothy",FALSE,0,NA,2017-10-16 07:03:59,FALSE,NA,"919821206127349760",NA,"<a href=""http://twitter.com/download/android"" rel=""nofollow"">Twitter for Android</a>","bishopsamg",0,FALSE,FALSE,NA,NA
"149","SanBernardino Shootings inContext Quran RT CatholicPriest Islam jihad",FALSE,0,NA,2017-10-16 05:19:28,FALSE,NA,"919794903260962816",NA,"<a href=""http://androproid.com/"" rel=""nofollow"">arabscanadahelper</a>","Arabs2canada",1,TRUE,FALSE,NA,NA
"150","Advice from Police Chiefs who Dealt with Mass Shootings Topstories",FALSE,0,NA,2017-10-16 03:48:12,FALSE,NA,"919771934677716993",NA,"<a href=""http://fer4.com"" rel=""nofollow"">fer4</a>","geanra3",0,FALSE,FALSE,NA,NA
"151","Advice from Police Chiefs who Dealt with Mass Shootings Topstories",FALSE,0,NA,2017-10-16 03:48:10,FALSE,NA,"919771927723630592",NA,"<a href=""http://www.press-today.com"" rel=""nofollow"">press-today</a>","Shopall3",0,FALSE,FALSE,NA,NA
"152","Why Better MentalHealth Care Wont Stop Mass Shootings MentalHealth Mass Shootings MassShootings",FALSE,0,NA,2017-10-16 01:36:15,FALSE,NA,"919738726808506369",NA,"<a href=""http://twitter.com"" rel=""nofollow"">Twitter Web Client</a>","benitodevalle",0,FALSE,FALSE,NA,NA
"153","TOpoli Toronto ViolentCrime Shootings BLMTO Murder BlackOnBlackCrime DesmondCole",FALSE,0,NA,2017-10-16 00:38:03,FALSE,NA,"919724081448210433",NA,"<a href=""http://www.example.com"" rel=""nofollow"">JaneFinchTweets</a>","g8823048",3,TRUE,FALSE,NA,NA
"154","Most mass shootings in the US dont look like Las Vegas They look like this",FALSE,0,NA,2017-10-16 00:10:15,FALSE,NA,"919717086909386752",NA,"<a href=""http://twitter.com/download/android"" rel=""nofollow"">Twitter for Android</a>","Carolynish",0,FALSE,FALSE,NA,NA
"155","structuralism guncontrol violence shootings lasvegas cultureindecline",FALSE,0,NA,2017-10-15 19:58:02,FALSE,NA,"919653614561452033",NA,"<a href=""http://twitter.com/download/android"" rel=""nofollow"">Twitter for Android</a>","ConradoSoares87",0,FALSE,FALSE,NA,NA
"156","dead shootings in Oxnard",FALSE,0,NA,2017-10-15 19:28:01,FALSE,NA,"919646058837241856",NA,"<a href=""http://twitter.com/download/android"" rel=""nofollow"">Twitter for Android</a>","KCLUlive",1,TRUE,FALSE,NA,NA
"157","dead shootings in Oxnard",FALSE,0,NA,2017-10-15 18:42:11,FALSE,NA,"919634525201641472",NA,"<a href=""http://twitter.com"" rel=""nofollow"">Twitter Web Client</a>","DebraGreeneNews",1,FALSE,FALSE,NA,NA
"158","Chicago gang ghetto shootings murders go unnoticed by MSM BLM",FALSE,1,NA,2017-10-15 17:46:03,FALSE,NA,"919620399901659136",NA,"<a href=""http://twitter.com"" rel=""nofollow"">Twitter Web Client</a>","JugularGrasp",0,FALSE,FALSE,NA,NA
"159","People Bans Shootings Violant Demonstrations Racism",FALSE,0,"KolormeYellow",2017-10-15 16:58:05,FALSE,"919603634899259393","919608329474682880","721430810","<a href=""http://twitter.com/download/android"" rel=""nofollow"">Twitter for Android</a>","KolormeYellow",0,FALSE,FALSE,NA,NA
"160","Why God permits SUFFERING   poverty war hunger s shootings sickness disease justice",FALSE,0,NA,2017-10-15 16:52:05,FALSE,NA,"919606819860951041",NA,"<a href=""https://www.socialoomph.com"" rel=""nofollow"">SocialOomph</a>","ThingsAboutGod",0,FALSE,FALSE,NA,NA
"161","City of Las Vegas employee killed in shooting Crime Homicides Local Locallasvegas NEWS Shootings news",FALSE,0,NA,2017-10-15 12:20:52,FALSE,NA,"919538564668493824",NA,"<a href=""http://trueviralnews.com/"" rel=""nofollow"">trueviralnews</a>","trueviralnews",0,FALSE,FALSE,NA,NA
"162","CUNewsDesk LasVegas Shootings Interviews Two KEY Eyewitnesses in this hour long",FALSE,1,NA,2017-10-15 12:19:15,FALSE,NA,"919538155136671744",NA,"<a href=""http://twitter.com"" rel=""nofollow"">Twitter Web Client</a>","Selling_Coffee",0,FALSE,FALSE,NA,NA
"163","preferredlife Historys st book of its kind Is love causing more problems STD preg sex slavery adultery or hatred stabbings shootings",FALSE,0,NA,2017-10-15 10:50:04,FALSE,NA,"919515713785786368",NA,"<a href=""https://www.tweetsuite.com/"" rel=""nofollow"">Tweet Suite</a>","gWoodi",0,FALSE,FALSE,NA,NA
"164","SanBernardino Shootings inContext Quran RT CatholicPriest Islam jihad",FALSE,1,NA,2017-10-15 10:43:26,FALSE,NA,"919514044616335360",NA,"<a href=""https://www.socialjukebox.com"" rel=""nofollow"">The Social Jukebox</a>","testisfidelis",1,FALSE,FALSE,NA,NA
"165","SHOOTING DAY Pic by mobba shootings photo Ancona Italy",FALSE,0,NA,2017-10-15 10:06:55,FALSE,NA,"919504855051276288",NA,"<a href=""http://instagram.com"" rel=""nofollow"">Instagram</a>","MobbaWm",0,FALSE,FALSE,NA,NA
"166","aleciafox weekend shootings italy sun Italy",FALSE,3,NA,2017-10-15 08:40:38,FALSE,NA,"919483138593705985",NA,"<a href=""http://instagram.com"" rel=""nofollow"">Instagram</a>","AleciaFox7",1,FALSE,FALSE,"12","43"
"167","preferredlife Historys st book of its kind Is love causing more problems STD preg sex slavery adultery or hatred stabbings shootings",FALSE,0,NA,2017-10-15 05:54:06,FALSE,NA,"919441231096303616",NA,"<a href=""https://www.tweetsuite.com/"" rel=""nofollow"">Tweet Suite</a>","FutureWorldCen",0,FALSE,FALSE,NA,NA
"168","Some Backstage moments Having fun with              sexy havingfun interesting bonus Brunette shootings jasminej",FALSE,0,NA,2017-10-15 02:54:50,FALSE,NA,"919396118420746240",NA,"<a href=""http://twitter.com/download/android"" rel=""nofollow"">Twitter for Android</a>","pirata20176",14,TRUE,FALSE,NA,NA
"169","Toronto TOpoli BLMTO onpoli Shootings ViolentCrime YearOfTheGun",FALSE,1,NA,2017-10-15 02:24:25,FALSE,NA,"919388461353852929",NA,"<a href=""http://twitter.com/download/iphone"" rel=""nofollow"">Twitter for iPhone</a>","bconnolly00",0,FALSE,FALSE,NA,NA
"170","This is what a selfish rich person looks like when they dont care about others almosteveryweekend hurricanes",FALSE,0,NA,2017-10-15 01:43:40,TRUE,NA,"919378207274565632",NA,"<a href=""http://twitter.com/download/android"" rel=""nofollow"">Twitter for Android</a>","PamelaTheGreat7",0,FALSE,FALSE,NA,NA
"171","A Tactical Analysis Of The Las Vegas Mass Shooting Incident analysis shootings",FALSE,0,NA,2017-10-15 00:43:39,FALSE,NA,"919363101648216064",NA,"<a href=""http://www.ajaymatharu.com/"" rel=""nofollow"">Tweet Old Post</a>","PrepperWebsite",0,FALSE,FALSE,NA,NA
"172","TOpoli Toronto ViolentCrime Shootings BLMTO Murder BlackOnBlackCrime DesmondCole",FALSE,0,NA,2017-10-14 23:52:21,FALSE,NA,"919350191861493761",NA,"<a href=""https://twitter.com/norm"" rel=""nofollow"">Toronto_Bot</a>","Toronto_Bot",3,TRUE,FALSE,NA,NA
"173","TOpoli Toronto ViolentCrime Shootings BLMTO Murder BlackOnBlackCrime DesmondCole",FALSE,0,NA,2017-10-14 23:28:21,FALSE,NA,"919344151874981891",NA,"<a href=""http://twitter.com/download/iphone"" rel=""nofollow"">Twitter for iPhone</a>","bconnolly00",3,FALSE,FALSE,NA,NA
"174","The number of shootings is increasing every year The only true defense is to reduce lawenforcement response time",FALSE,0,NA,2017-10-14 23:07:01,FALSE,NA,"919338784264556544",NA,"<a href=""http://sproutsocial.com"" rel=""nofollow"">Sprout Social</a>","Guard911",0,FALSE,FALSE,NA,NA
"175","Like how includes SelfDefense shootings in its stats as if these are bad A dead criminal is better than a",FALSE,0,NA,2017-10-14 23:06:30,FALSE,NA,"919338654157459456",NA,"<a href=""https://roundteam.co"" rel=""nofollow"">RoundTeam</a>","revistamarcial1",1,TRUE,FALSE,NA,NA
"176","Like how includes SelfDefense shootings in its stats as if these are bad A dead criminal is better th",FALSE,0,NA,2017-10-14 22:52:09,TRUE,NA,"919335045537689600",NA,"<a href=""http://twitter.com/download/android"" rel=""nofollow"">Twitter for Android</a>","ANoviceTweeter",1,FALSE,FALSE,NA,NA
"177","I am certainly feeling this Earthquakes Fires Shootings Storms How Tech Can Help Ease DisasterFatigue",FALSE,0,NA,2017-10-14 19:13:45,FALSE,NA,"919280082916540416",NA,"<a href=""http://twitter.com"" rel=""nofollow"">Twitter Web Client</a>","DrowningSupport",0,FALSE,FALSE,NA,NA
"178","When are the police gonna start doing their jobs amp end the tit for tat gang shootings Toronto",FALSE,0,"TorontoShare",2017-10-14 17:53:03,TRUE,"919216431840899073","919259774704934914","620477606","<a href=""http://twitter.com/download/iphone"" rel=""nofollow"">Twitter for iPhone</a>","CalvinSwine905",0,FALSE,FALSE,NA,NA
"179","Prosecutor Suspect in slayings of may face death penalty ohio ironton shootings",FALSE,0,NA,2017-10-14 16:54:09,FALSE,NA,"919244950449065994",NA,"<a href=""http://firenewsfeed.com/"" rel=""nofollow"">App #jfg4389</a>","leqerimaki",0,FALSE,FALSE,NA,NA
"180","sapsMP Shootings in Fashion Seems to defy your talk of fighting crime Is it disrespect or the finger",FALSE,0,"SAPoliceService",2017-10-14 14:02:33,FALSE,"919199550191087616","919201765475614721","320644276","<a href=""http://blackberry.com/twitter"" rel=""nofollow"">Twitter for BlackBerry®</a>","AyeshaR_786",0,FALSE,FALSE,NA,NA
"181","shootings photography model",FALSE,3,NA,2017-10-14 13:41:59,FALSE,NA,"919196589675212800",NA,"<a href=""http://twitter.com/download/android"" rel=""nofollow"">Twitter for Android</a>","mia322316",0,FALSE,FALSE,NA,NA
"182","Multiple people shot after gunman storms market and opens fire in Sweden shootings",FALSE,0,NA,2017-10-14 08:32:44,FALSE,NA,"919118765861695488",NA,"<a href=""http://twitter.com/download/android"" rel=""nofollow"">Twitter for Android</a>","MdAquib38366575",72,TRUE,FALSE,NA,NA
"183","Sept Tues False Flag Weekly News shootings newworldorder iran russia syria",FALSE,0,NA,2017-10-14 07:23:46,FALSE,NA,"919101409307648000",NA,"<a href=""https://twitter.com/Col_Connaughton"" rel=""nofollow"">AutoTweeterPro10</a>","Col_Connaughton",0,FALSE,FALSE,NA,NA
"184","preferredlife Historys st book of its kind Is love causing more problems STD preg sex slavery adultery or hatred stabbings shootings",FALSE,0,NA,2017-10-14 06:52:03,FALSE,NA,"919093427727470592",NA,"<a href=""https://www.tweetsuite.com/"" rel=""nofollow"">Tweet Suite</a>","gWoodi",0,FALSE,FALSE,NA,NA
"185","Some Backstage moments Having fun with              sexy havingfun interesting bonus Brunette shootings jasminej",FALSE,0,NA,2017-10-14 06:25:16,FALSE,NA,"919086687380234240",NA,"<a href=""http://twitter.com"" rel=""nofollow"">Twitter Web Client</a>","yIHLiOAXN8EKjz8",14,TRUE,FALSE,NA,NA
"186","Babypass mehrere Shootings in Leipzig Vom Babybauch bis zum Geburtstag",FALSE,0,NA,2017-10-13 23:15:41,FALSE,NA,"918978580079632384",NA,"<a href=""https://socialorga.pontimania.de"" rel=""nofollow"">postman4wobus</a>","Herman5177",0,FALSE,FALSE,NA,NA
"187","During the time of Fires Hurricanes Shootings and other disasters it is important to look for the helpers",FALSE,0,NA,2017-10-13 18:59:13,TRUE,NA,"918914035864633344",NA,"<a href=""http://twitter.com"" rel=""nofollow"">Twitter Web Client</a>","Estes_Therapy",0,FALSE,FALSE,NA,NA
"188","UK somehow manages seventh successive year with no mass shootings takenoteUSA",FALSE,0,NA,2017-10-13 18:10:57,FALSE,NA,"918901888887787520",NA,"<a href=""http://twitter.com"" rel=""nofollow"">Twitter Web Client</a>","timespliters",0,FALSE,FALSE,NA,NA
"189","Cant be             Pharma is safe NorthAmerican govt promotes it amp more ppl amp kids are on psychiatric amp thats ok",FALSE,0,NA,2017-10-13 17:54:06,TRUE,NA,"918897649440493568",NA,"<a href=""http://twitter.com/download/iphone"" rel=""nofollow"">Twitter for iPhone</a>","crvallotton",0,FALSE,FALSE,NA,NA
"190","Earthquakes Fires Shootings Storms How Tech Can Hel Health",FALSE,0,NA,2017-10-13 17:35:52,FALSE,NA,"918893061098352641",NA,"<a href=""http://www.press-today.com"" rel=""nofollow"">press-today</a>","Shopall3",0,FALSE,FALSE,NA,NA
"191","Ugh Pick a tragedy any tragedy DonateNow hurricanes fires earthquakes shootings carnage humans animals",FALSE,0,NA,2017-10-13 16:05:58,FALSE,NA,"918870434791198721",NA,"<a href=""http://twitter.com/download/iphone"" rel=""nofollow"">Twitter for iPhone</a>","IndigoHawthorne",1,TRUE,FALSE,NA,NA
"192","Fruit of Quran Putting Beheadings amp Shootings in Context RT SanBernardino Shootings",FALSE,0,NA,2017-10-13 15:09:27,FALSE,NA,"918856215656128512",NA,"<a href=""https://www.socialjukebox.com"" rel=""nofollow"">The Social Jukebox</a>","testisfidelis",0,FALSE,FALSE,NA,NA
"193","Fruitof QuranPutting SanBernardino Shootings in Context RT                   tcot",FALSE,0,NA,2017-10-13 15:08:32,FALSE,NA,"918855984298242048",NA,"<a href=""https://www.socialjukebox.com"" rel=""nofollow"">The Social Jukebox</a>","testisfidelis",0,FALSE,FALSE,NA,NA
"194","Fruitof QuranPutting SanBernardino Shootings in Context RT PJNET PatriotBrigade",FALSE,0,NA,2017-10-13 15:08:27,FALSE,NA,"918855962122969089",NA,"<a href=""https://www.socialjukebox.com"" rel=""nofollow"">The Social Jukebox</a>","testisfidelis",0,FALSE,FALSE,NA,NA
"195","SanBernardino Shootings inContext Quran RT CatholicPriest Islam jihad",FALSE,0,NA,2017-10-13 14:49:33,FALSE,NA,"918851205220024320",NA,"<a href=""http://androproid.com/"" rel=""nofollow"">arabscanadahelper</a>","Arabs2canada",1,TRUE,FALSE,NA,NA
"196","preferredlife Historys st book of its kind Is love causing more problems STD preg sex slavery adultery or hatred stabbings shootings",FALSE,0,NA,2017-10-13 14:12:03,FALSE,NA,"918841767478333440",NA,"<a href=""https://www.tweetsuite.com/"" rel=""nofollow"">Tweet Suite</a>","FutureWorldCen",0,FALSE,FALSE,NA,NA
"197","distribution shootings humantrafficking wake up n smell the coffee",FALSE,0,"highlandsqNEWS",2017-10-13 13:26:26,FALSE,"918830092050227201","918830287076904960","3921203607","<a href=""http://twitter.com/download/android"" rel=""nofollow"">Twitter for Android</a>","highlandsqNEWS",0,FALSE,FALSE,NA,NA
"198","Wheres news of OTHER SHOOTINGS that night at other LA hotels Dems setup shooting GunControl amp AwanITSetUp",FALSE,0,NA,2017-10-13 12:57:34,FALSE,NA,"918823022366216192",NA,"<a href=""http://www.hootsuite.com"" rel=""nofollow"">Hootsuite</a>","ChristianMrktDR",0,FALSE,FALSE,NA,NA
"199","Wheres news of OTHER SHOOTINGS that night at other LA hotels Dems setup shooting GunControl amp AwanITSetUp",FALSE,0,NA,2017-10-13 12:57:34,FALSE,NA,"918823022328537088",NA,"<a href=""http://www.hootsuite.com"" rel=""nofollow"">Hootsuite</a>","MaryPatriotNews",0,FALSE,FALSE,NA,NA
"200","Tourniquets Once out of Favor Helped SAVE Lives in Vegas Shootings",FALSE,0,NA,2017-10-13 10:30:13,FALSE,NA,"918785944085348353",NA,"<a href=""http://KkimooKcomKkimooK.com"" rel=""nofollow"">KkimooKKkimooKKkimooKKkimooK</a>","KkimooK",0,FALSE,FALSE,NA,NA
"201","Tourniquets Once out of Favour Helped SAVE Lives in Vegas Shootings",FALSE,0,NA,2017-10-13 10:25:08,FALSE,NA,"918784663115546624",NA,"<a href=""http://KkimooKcomKkimooK.com"" rel=""nofollow"">KkimooKKkimooKKkimooKKkimooK</a>","KkimooK",0,FALSE,FALSE,NA,NA
"202","All of these shootings make me sick",FALSE,0,NA,2017-10-13 08:18:45,FALSE,NA,"918752859096780800",NA,"<a href=""http://twitter.com/download/iphone"" rel=""nofollow"">Twitter for iPhone</a>","J_gAy92",0,FALSE,FALSE,NA,NA
"203","Murky timeline is a focus of Las Vegas shooting probe shooting lasVegas shootings",FALSE,0,NA,2017-10-13 07:46:37,FALSE,NA,"918744769580412928",NA,"<a href=""http://firenewsfeed.com/"" rel=""nofollow"">App #jfg4389</a>","leqerimaki",4,FALSE,FALSE,NA,NA
"204","Multiple people shot after gunman storms market and opens fire in Sweden shootings",FALSE,0,NA,2017-10-13 07:21:06,FALSE,NA,"918738349300506624",NA,"<a href=""http://twitter.com/download/iphone"" rel=""nofollow"">Twitter for iPhone</a>","T_Lee2323",72,TRUE,FALSE,NA,NA
"205","Multiple people shot after gunman storms market and opens fire in Sweden shootings",FALSE,0,NA,2017-10-13 07:13:41,FALSE,NA,"918736481304358912",NA,"<a href=""http://twitter.com/download/iphone"" rel=""nofollow"">Twitter for iPhone</a>","TinaJac22661258",72,TRUE,FALSE,NA,NA
"206","Multiple people shot after gunman storms market and opens fire in Sweden shootings",FALSE,0,NA,2017-10-13 07:07:19,FALSE,NA,"918734881298972672",NA,"<a href=""http://twitter.com/download/android"" rel=""nofollow"">Twitter for Android</a>","greengranma",72,TRUE,FALSE,NA,NA
"207","Multiple people shot after gunman storms market and opens fire in Sweden shootings",FALSE,0,NA,2017-10-13 06:38:05,FALSE,NA,"918727525488103429",NA,"<a href=""http://twitter.com/download/iphone"" rel=""nofollow"">Twitter for iPhone</a>","KJPritchard4",72,TRUE,FALSE,NA,NA
"208","Manhunt underway in Ohio for suspect in slayings of ohio crime shootings",FALSE,0,NA,2017-10-13 04:50:12,FALSE,NA,"918700372956344321",NA,"<a href=""http://firenewsfeed.com/"" rel=""nofollow"">Test app P7da7UU</a>","rifortikat1985",0,FALSE,FALSE,NA,NA
"209","Multiple people shot after gunman storms market and opens fire in Sweden shootings",FALSE,0,NA,2017-10-13 03:49:46,FALSE,NA,"918685166826029056",NA,"<a href=""http://twitter.com/download/iphone"" rel=""nofollow"">Twitter for iPhone</a>","familygrowing1",72,TRUE,FALSE,NA,NA
"210","Multiple people shot after gunman storms market and opens fire in Sweden shootings",FALSE,0,NA,2017-10-13 03:43:39,FALSE,NA,"918683624710402048",NA,"<a href=""http://twitter.com/download/iphone"" rel=""nofollow"">Twitter for iPhone</a>","RVnGrammy",72,TRUE,FALSE,NA,NA
"211","I wrote a thing about Vegas VegasShooting GunControl shootings BetterSolution Bulletproof Sales",FALSE,0,NA,2017-10-13 03:39:19,FALSE,NA,"918682534904344577",NA,"<a href=""http://twitter.com/download/iphone"" rel=""nofollow"">Twitter for iPhone</a>","LindaMcDanielAx",0,FALSE,FALSE,NA,NA
"212","Multiple people shot after gunman storms market and opens fire in Sweden shootings",FALSE,0,NA,2017-10-13 03:24:23,FALSE,NA,"918678776908800000",NA,"<a href=""http://twitter.com"" rel=""nofollow"">Twitter Web Client</a>","Kaffe_Takk",72,TRUE,FALSE,NA,NA
"213","Multiple people shot after gunman storms market and opens fire in Sweden shootings",FALSE,0,NA,2017-10-13 03:23:25,FALSE,NA,"918678535476199426",NA,"<a href=""https://about.twitter.com/products/tweetdeck"" rel=""nofollow"">TweetDeck</a>","sweetangelface",72,TRUE,FALSE,NA,NA
"214","preferredlife Historys st book of its kind Is love causing more problems STD preg sex slavery adultery or hatred stabbings shootings",FALSE,0,NA,2017-10-13 03:12:06,FALSE,NA,"918675685056561154",NA,"<a href=""https://www.tweetsuite.com/"" rel=""nofollow"">Tweet Suite</a>","gWoodi",0,FALSE,FALSE,NA,NA
"215","Multiple people shot after gunman storms market and opens fire in Sweden shootings",FALSE,0,NA,2017-10-13 02:32:09,FALSE,NA,"918665633893556224",NA,"<a href=""http://twitter.com"" rel=""nofollow"">Twitter Web Client</a>","hwaadt",72,TRUE,FALSE,NA,NA
"216","Multiple people shot after gunman storms market and opens fire in Sweden shootings",FALSE,0,NA,2017-10-13 02:31:01,FALSE,NA,"918665347829465090",NA,"<a href=""http://twitter.com/download/android"" rel=""nofollow"">Twitter for Android</a>","mrglenferris",72,TRUE,FALSE,NA,NA
"217","Multiple people shot after gunman storms market and opens fire in Sweden shootings",FALSE,0,NA,2017-10-13 02:12:38,FALSE,NA,"918660719368900608",NA,"<a href=""http://twitter.com/download/android"" rel=""nofollow"">Twitter for Android</a>","chinghizm",72,TRUE,FALSE,NA,NA
"218","Multiple people shot after gunman storms market and opens fire in Sweden shootings",FALSE,0,NA,2017-10-13 01:21:16,FALSE,NA,"918647793777917952",NA,"<a href=""http://twitter.com/download/iphone"" rel=""nofollow"">Twitter for iPhone</a>","Lux_xxvii",72,TRUE,FALSE,NA,NA
"219","Las Vegas survivors take aim at bump stock maker as lawsuits begin shootings stephenPaddock",FALSE,0,NA,2017-10-13 01:20:30,FALSE,NA,"918647603260207104",NA,"<a href=""http://firenewsfeed.com/"" rel=""nofollow"">Test_app fJd7aoU</a>","raisiwardres191",0,FALSE,FALSE,NA,NA
"220","How do I set up a Twitter bot that tweets TODAY IS THE WORST every day till I die death CaliforniaFires",FALSE,2,NA,2017-10-13 01:05:13,TRUE,NA,"918643757351952388",NA,"<a href=""http://twitter.com/download/android"" rel=""nofollow"">Twitter for Android</a>","MagnificentFae",1,FALSE,FALSE,NA,NA
"221","Multiple people shot after gunman storms market and opens fire in Sweden shootings",FALSE,0,NA,2017-10-13 00:58:39,FALSE,NA,"918642101117702144",NA,"<a href=""http://twitter.com"" rel=""nofollow"">Twitter Web Client</a>","PatooteeJones",72,TRUE,FALSE,NA,NA
"222","The latest The LOHAD Twice Daily Thanks to shootings icymi",FALSE,0,NA,2017-10-13 00:43:57,FALSE,NA,"918638404421726208",NA,"<a href=""http://twitter.com/download/iphone"" rel=""nofollow"">Twitter for iPhone</a>","BigTopVoice",1,TRUE,FALSE,NA,NA
"223","Multiple people shot after gunman storms market and opens fire in Sweden shootings",FALSE,0,NA,2017-10-12 23:59:46,FALSE,NA,"918627284327784448",NA,"<a href=""http://twitter.com/#!/download/ipad"" rel=""nofollow"">Twitter for iPad</a>","CaterinaDoglio",72,TRUE,FALSE,NA,NA
"224","Multiple people shot after gunman storms market and opens fire in Sweden shootings",FALSE,0,NA,2017-10-12 23:41:49,FALSE,NA,"918622765661405184",NA,"<a href=""http://twitter.com/download/iphone"" rel=""nofollow"">Twitter for iPhone</a>","covgirl48",72,TRUE,FALSE,NA,NA
"225","Multiple people shot after gunman storms market and opens fire in Sweden shootings",FALSE,0,NA,2017-10-12 23:35:57,FALSE,NA,"918621291502100480",NA,"<a href=""http://twitter.com/download/iphone"" rel=""nofollow"">Twitter for iPhone</a>","marcylauren",72,TRUE,FALSE,NA,NA
"226","Gang shootings in Sweden are extremely common for being Europe The city of Malmo i",FALSE,0,NA,2017-10-12 23:34:43,FALSE,NA,"918620978770513920",NA,"<a href=""https://mobile.twitter.com"" rel=""nofollow"">Twitter Lite</a>","Amyloukingery",3,TRUE,FALSE,NA,NA
"227","The latest The LOHAD Twice Daily Thanks to shootings icymi",FALSE,1,NA,2017-10-12 23:33:01,FALSE,NA,"918620552784416768",NA,"<a href=""http://paper.li"" rel=""nofollow"">Paper.li</a>","LOHADdotcom",1,FALSE,FALSE,NA,NA
"228","Tighter Gun Control Laws Linked to Fewer School Shootings in US Violence Report Tips environment teens",FALSE,0,NA,2017-10-12 23:18:34,FALSE,NA,"918616915949453312",NA,"<a href=""http://twitter.com"" rel=""nofollow"">Twitter Web Client</a>","BiggiesBoxers",0,FALSE,FALSE,NA,NA
